{
    "homogeneous_1AB": {
        "counts": [
            0.009803340836393792,
            0.017207676815543183,
            0.03314180784267268,
            0.057161473759033285,
            0.08393555265963747,
            0.11248667219523759,
            0.1332188129368557,
            0.12987205307428037,
            0.11275322829048695,
            0.08775619002487849,
            0.06424001895510015,
            0.04599573510247604,
            0.033763772064921184,
            0.02449354341902616,
            0.01750385025470919,
            0.013535126169885073,
            0.010869565217391295,
            0.00645658097381828,
            0.0032579078308257285,
            0.0011846937566639014,
            0.0005034948465821595,
            0.0002665560952493778,
            0.00020732140741618274,
            0.00011846937566639047,
            0.00011846937566639013,
            2.9617343916597533e-05,
            2.9617343916597533e-05,
            0.0,
            0.0,
            2.9617343916597533e-05,
            2.9617343916597533e-05,
            0.0,
            0.0,
            0.0,
            2.9617343916597533e-05
        ],
        "bins": [
            0.0,
            0.01,
            0.02,
            0.03,
            0.04,
            0.05,
            0.06,
            0.07,
            0.08,
            0.09,
            0.1,
            0.11,
            0.12,
            0.13,
            0.14,
            0.15,
            0.16,
            0.17,
            0.18,
            0.19,
            0.2,
            0.21,
            0.22,
            0.23,
            0.24,
            0.25,
            0.26,
            0.27,
            0.28,
            0.29,
            0.3,
            0.31,
            0.32,
            0.33,
            0.34,
            0.35000000000000003
        ]
    },
    "homogeneous_10AB": {
        "counts": [
            0.01026113157013726,
            0.044941970762191724,
            0.0803342260908381,
            0.09844883383550941,
            0.10131402745229325,
            0.0959323736190158,
            0.08796730275638871,
            0.07886675594241718,
            0.07014005133355657,
            0.061393817654279606,
            0.052031023323289835,
            0.044074322062269855,
            0.035886061823457174,
            0.028805378863966048,
            0.023889632853476218,
            0.019406316259346038,
            0.015559089387345149,
            0.012172190603727285,
            0.00958319383997321,
            0.007507532641446261,
            0.005844771788862862,
            0.004368932038834947,
            0.0030465349849347146,
            0.002206784957036049,
            0.0016125432429416344,
            0.0011410556857493572,
            0.0008118513558754596,
            0.0005775025108804816,
            0.00044079901796674687,
            0.00034315366588550354,
            0.00027340698582747436,
            0.0002287691105903357,
            0.00020924004017408755,
            0.00017018189934159118,
            0.00020924004017408755
        ],
        "bins": [
            0.0,
            0.01,
            0.02,
            0.03,
            0.04,
            0.05,
            0.06,
            0.07,
            0.08,
            0.09,
            0.1,
            0.11,
            0.12,
            0.13,
            0.14,
            0.15,
            0.16,
            0.17,
            0.18,
            0.19,
            0.2,
            0.21,
            0.22,
            0.23,
            0.24,
            0.25,
            0.26,
            0.27,
            0.28,
            0.29,
            0.3,
            0.31,
            0.32,
            0.33,
            0.34,
            0.35000000000000003
        ]
    },
    "heterogeneous_1AB": {
        "counts_inside": [
            0.06942889137737962,
            0.17777155655095186,
            0.23180291153415455,
            0.19428891377379615,
            0.12010078387458005,
            0.06466965285554314,
            0.0363941769316909,
            0.027715565509518494,
            0.019036954087346035,
            0.015117581187010065,
            0.011478163493840992,
            0.006159014557670776,
            0.005879059350503915,
            0.006998880179171326,
            0.004759238521836515,
            0.0027995520716685308,
            0.0027995520716685308,
            0.0011198208286674152,
            0.0008398656215005591,
            0.0005599104143337062,
            0.0,
            0.0,
            0.0002799552071668531,
            0.0,
            0.0,
            0.0,
            0.0,
            0.0,
            0.0,
            0.0,
            0.0,
            0.0,
            0.0,
            0.0,
            0.0,
            0.0,
            0.0,
            0.0
        ],
        "counts_outside": [
            0.022112604184385102,
            0.04853433123547089,
            0.10631059704031301,
            0.11266088337018768,
            0.06344616431365878,
            0.04609627487667974,
            0.04326132562227132,
            0.0449622951749164,
            0.04422520836877023,
            0.04178715200997899,
            0.03594715654589785,
            0.035890457560809684,
            0.03793162102398364,
            0.04263763678630149,
            0.04683336168282597,
            0.0508589896240857,
            0.052219765266201694,
            0.038782105800306256,
            0.031581334694108947,
            0.021545614333503414,
            0.013380960480807419,
            0.007597664001814362,
            0.004025627941259848,
            0.0023246583886148485,
            0.001530872597380506,
            0.0010205817315870039,
            0.0009071837614106701,
            0.00022679594035266752,
            0.00011339797017633438,
            0.00017009695526450062,
            0.00034019391052900124,
            0.0002834949254408344,
            0.00011339797017633376,
            0.00022679594035266752,
            5.669898508816688e-05,
            0.0,
            0.0,
            5.669898508816688e-05
        ],
        "bins": [
            0.0,
            0.01,
            0.02,
            0.03,
            0.04,
            0.05,
            0.06,
            0.07,
            0.08,
            0.09,
            0.1,
            0.11,
            0.12,
            0.13,
            0.14,
            0.15,
            0.16,
            0.17,
            0.18,
            0.19,
            0.2,
            0.21,
            0.22,
            0.23,
            0.24,
            0.25,
            0.26,
            0.27,
            0.28,
            0.29,
            0.3,
            0.31,
            0.32,
            0.33,
            0.34,
            0.35000000000000003,
            0.36,
            0.37,
            0.38
        ]
    },